"Id";"Designator";"Package";"Quantity";"Designation";"Supplier and ref";
1;"C1";"C_Rect_L7.0mm_W2.5mm_P5.00mm";1;"100pF";;;
2;"C3";"C_Rect_L4.0mm_W2.5mm_P2.50mm";1;"1nF";;;
3;"C4";"C_Rect_L4.0mm_W2.5mm_P2.50mm";1;"2.2nF";;;
4;"C5,C6,C7,C8,C9,C10";"C_Rect_L7.0mm_W2.0mm_P5.00mm";6;"100n";;;
5;"C11";"C_Rect_L7.0mm_W2.0mm_P5.00mm";1;"100nF";;;
6;"C12";"C_Rect_L7.0mm_W2.0mm_P5.00mm";1;"0.22uF";;;
7;"IC1,IC2";"DIP-14_W7.62mm";2;"TL074P";;;
8;"IC3";"DIP-16_W7.62mm";1;"LM13700N";;;
9;"IC4";"DIP-8_W7.62mm";1;"555N";;;
10;"J2,J3,J5,J6";"Jack_3.5mm_QingPu_WQP-PJ398SM_Vertical_CircularHoles";4;"AudioJack2_Ground";;;
11;"POT40,POT41,POT42";"Potentiometer_Alpha_RD901F-40-00D_Single_Vertical";3;"100k";;;
12;"Q2,Q3";"TO-92_Inline";2;"2N3906";;;
13;"R1";"Potentiometer_Bourns_3386C_Horizontal";1;"100r";;;
14;"R2";"R_Axial_DIN0207_L6.3mm_D2.5mm_P15.24mm_Horizontal";1;"390r";;;
15;"R4";"R_Axial_DIN0207_L6.3mm_D2.5mm_P15.24mm_Horizontal";1;"1k";;;
16;"R6,R7";"R_Axial_DIN0207_L6.3mm_D2.5mm_P15.24mm_Horizontal";2;"1.5k";;;
17;"R9,R10,R11";"R_Axial_DIN0207_L6.3mm_D2.5mm_P15.24mm_Horizontal";3;"2k";;;
18;"R14";"R_Axial_DIN0207_L6.3mm_D2.5mm_P15.24mm_Horizontal";1;"4.7k";;;
19;"R16,R17,R18,R19,R20";"R_Axial_DIN0207_L6.3mm_D2.5mm_P15.24mm_Horizontal";5;"10k";;;
20;"R21,R22";"R_Axial_DIN0207_L6.3mm_D2.5mm_P15.24mm_Horizontal";2;"20k";;;
21;"R23";"R_Axial_DIN0207_L6.3mm_D2.5mm_P15.24mm_Horizontal";1;"22k";;;
22;"R29,R30,R32,R33";"R_Axial_DIN0207_L6.3mm_D2.5mm_P15.24mm_Horizontal";4;"100k";;;
23;"R36,R37";"Potentiometer_Bourns_3386C_Horizontal";2;"100k";;;
24;"R46";"R_Axial_DIN0207_L6.3mm_D2.5mm_P15.24mm_Horizontal";1;"150k";;;
25;"R48,R49,R51";"R_Axial_DIN0207_L6.3mm_D2.5mm_P15.24mm_Horizontal";3;"1M";;;
26;"R52";"R_Axial_DIN0207_L6.3mm_D2.5mm_P15.24mm_Horizontal";1;"1.5M";;;
27;"R54";"R_Axial_DIN0207_L6.3mm_D2.5mm_P15.24mm_Horizontal";1;"3.3M";;;
28;"SV1";"IDC-Header_2x05_P2.54mm_Latch_Vertical";1;"ML10";;;
29;"R999";"R_Axial_DIN0207_L6.3mm_D2.5mm_P15.24mm_Horizontal";1;"diode";;;
